{"initial_reset_timestamp": 1589289974.5392647, "timestamps": [1589290015.7396948, 1589290018.669462, 1589290021.5939753, 1589290024.479981, 1589290027.3523777, 1589290030.2462177, 1589290033.1956952, 1589290036.0562706], "episode_lengths": [50, 50, 50, 50, 50, 50, 50, 50], "episode_rewards": [-10.0, -6.0, -8.0, -9.0, -10.0, -9.0, -41.0, -5.0], "episode_types": ["t", "t", "t", "t", "t", "t", "t", "t", "t"]}